feature,importance
Credit_History,0.537961069447745
TotalIncome,0.2133745152474966
Income_Loan_Ratio,0.2040626127672251
Education,0.02985719299822519
Married,0.014744609539308052
