feature,importance
Credit_History,0.5136530708601679
Income_Loan_Ratio,0.2333833492031782
TotalIncome,0.20940547467755932
Education,0.0269370716096974
Married,0.016621033649397224
