feature,importance
Credit_History,0.5257311451254395
Income_Loan_Ratio,0.22177935073267865
TotalIncome,0.21025309090380367
Education,0.027659714454358556
Married,0.014576698783719741
