feature,correlation
Income_Loan_Ratio,0.06886083950543967
Education,0.04837979817212475
TotalIncome,0.030662698535293645
Credit_History,0.020234986553281025
Married,0.01684894734367682
