feature,correlation
ApplicantIncome_log,0.16834153958885706
LoanAmount_log,0.11680788908252236
CoapplicantIncome_log,0.10741245143496181
TotalIncome,0.09555528993035194
Income_Loan_Ratio,0.058977627404279816
Education,0.04837979817212475
Credit_History,0.020234986553281025
Married,0.01684894734367682
