feature,correlation
<<<<<<< HEAD
TotalIncome,0.09555528993035194
Income_Loan_Ratio,0.058977627404279816
Education,0.04837979817212475
Credit_History,0.020234986553281025
Married,0.01684894734367682
=======
CoapplicantIncome,0.09913577730118178
ApplicantIncome,0.0852248718091966
Income_Loan_Ratio,0.06886083950543967
TotalIncome,0.030662698535293645
Self_Employed,0.028171808490950634
Loan_Amount_Term,0.025079293309755495
>>>>>>> 50d5cf70238f8809df08ec12584e02d03f962f51
