feature,correlation
TotalIncome,0.09555528993035194
Income_Loan_Ratio,0.058977627404279816
Education,0.04837979817212475
Credit_History,0.020234986553281025
Married,0.01684894734367682
