{
  "best_model": "Logistic Regression",
  "best_model_score": 0.49903942211634517,
  "test_accuracy": 0.5365853658536586,
  "test_balanced_acc": 0.4828173374613003,
  "test_f1": 0.48177988025722523,
  "confusion_matrix": [
    [
      13,
      25
    ],
    [
      32,
      53
    ]
  ],
  "feature_importance": null
}