model,train_accuracy,val_accuracy,test_accuracy,train_balanced_acc,val_balanced_acc,test_balanced_acc,train_f1,val_f1,test_f1
<<<<<<< HEAD
Logistic Regression,0.7880434782608695,0.7479674796747967,0.8211382113821138,0.6988142292490118,0.6643772893772895,0.7614551083591331,0.7173913043478262,0.6759031024224395,0.7764375413086584
Random Forest,0.8369565217391305,0.7560975609756098,0.8617886178861789,0.7581027667984189,0.6634615384615384,0.819969040247678,0.7841642228739003,0.6765427769985974,0.8317102615694165
XGBoost,0.9891304347826086,0.6422764227642277,0.8699186991869918,0.9849802371541503,0.5732600732600732,0.8331269349845201,0.9872910623014228,0.5747957259585167,0.842911877394636
=======
Logistic Regression,0.5788043478260869,0.5691056910569106,0.5365853658536586,0.5300395256916997,0.4990842490842491,0.4828173374613003,0.5277481102473031,0.49903942211634517,0.48177988025722523
Random Forest,0.8478260869565217,0.5284552845528455,0.6504065040650406,0.825296442687747,0.44184981684981683,0.5942724458204335,0.8237547892720306,0.4395034569453174,0.5935602858679782
>>>>>>> 50d5cf70238f8809df08ec12584e02d03f962f51
