model,train_accuracy,val_accuracy,test_accuracy,train_balanced_acc,val_balanced_acc,test_balanced_acc,train_f1,val_f1,test_f1
Logistic Regression,0.7880434782608695,0.7479674796747967,0.8211382113821138,0.6988142292490118,0.6643772893772895,0.7614551083591331,0.7173913043478262,0.6759031024224395,0.7764375413086584
Random Forest,0.8369565217391305,0.7560975609756098,0.8617886178861789,0.7581027667984189,0.6634615384615384,0.819969040247678,0.7841642228739003,0.6765427769985974,0.8317102615694165
