model,train_accuracy,val_accuracy,test_accuracy,train_balanced_acc,val_balanced_acc,test_balanced_acc,train_f1,val_f1,test_f1
Logistic Regression,0.7853260869565217,0.7479674796747967,0.7967479674796748,0.6992094861660079,0.6643772893772895,0.7438080495356036,0.7168210552974295,0.6759031024224395,0.7525150905432596
Random Forest,0.8369565217391305,0.7560975609756098,0.8699186991869918,0.7652173913043478,0.6634615384615384,0.8331269349845201,0.7886029411764706,0.6765427769985974,0.842911877394636
XGBoost,1.0,0.6422764227642277,0.7886178861788617,1.0,0.586996336996337,0.7597523219814242,1.0,0.586996336996337,0.7559523809523809
