model,train_accuracy,val_accuracy,test_accuracy,train_balanced_acc,val_balanced_acc,test_balanced_acc,train_f1,val_f1,test_f1
Logistic Regression,0.5788043478260869,0.5691056910569106,0.5365853658536586,0.5300395256916997,0.4990842490842491,0.4828173374613003,0.5277481102473031,0.49903942211634517,0.48177988025722523
Random Forest,0.8478260869565217,0.5284552845528455,0.6504065040650406,0.825296442687747,0.44184981684981683,0.5942724458204335,0.8237547892720306,0.4395034569453174,0.5935602858679782
